magicprefix,tp,sl,profitfactor,projected_PF_if_next_future_trade_is_a_win,projected_PF_if_next_future_trade_is_a_loss,projected_PF_if_next_2_future_trades_is_a_loss,traderate,weekly_traderate,max_loseday_streak,max_notrades_streak,avg_notrades_streak,tradesCount,tradedDaysCount,allDaysCount,allDays_startDate,allDays_endDate
all(119-120-123-126-128-131-132-138),14.0,14.0,2.75,"","","",0.39,0.79,1,10,2.92,304,49,125,2026-01-09,2026-07-02
119,14.0,14.0,2.68,2.76,2.47,2.30,0.25,0.71,1,11,4.09,44,31,125,2026-01-09,2026-07-02
120,14.0,14.0,2.74,2.83,2.51,2.32,0.22,0.67,1,11,4.41,41,28,125,2026-01-09,2026-07-02
123,14.0,14.0,2.94,3.04,2.67,2.45,0.22,0.71,1,13,4.41,40,28,125,2026-01-09,2026-07-02
126,14.0,14.0,3.12,3.23,2.81,2.55,0.21,0.71,1,13,4.95,38,26,125,2026-01-09,2026-07-02
128,14.0,14.0,2.49,2.58,2.28,2.11,0.21,0.67,1,13,4.71,39,26,125,2026-01-09,2026-07-02
131,14.0,14.0,2.46,2.54,2.25,2.08,0.20,0.67,2,13,5.00,39,25,125,2026-01-09,2026-07-02
132,14.0,14.0,3.07,3.19,2.73,2.46,0.18,0.67,1,13,5.42,33,22,125,2026-01-09,2026-07-02
138,14.0,14.0,2.67,2.79,2.37,2.14,0.17,0.46,1,17,6.93,30,21,125,2026-01-09,2026-07-02
